step_i,ts_from,ts_to,month_from,month_to,is_boundary,global_drift,adjacency,residual_drift_surface,raw_drift_surface,ratio_resid_raw_surface,residual_drift_mid,raw_drift_mid,ratio_resid_raw_mid,residual_drift_residue,raw_drift_residue,ratio_resid_raw_residue
0,2026-04-05 18:35:02.543325+00:00,2026-04-05 19:55:32.383831+00:00,2026-04,2026-04,False,0.0550256218049431,original,0.09459734182392092,0.10572733987877411,0.8947292340125578,0.1004376404491018,0.12567759025803432,0.7991690502888285,0.06429384677356026,0.07266640116278773,0.8847809406375964
1,2026-04-05 19:55:32.383831+00:00,2026-04-05 21:24:12.030330+00:00,2026-04,2026-04,False,0.06663871626841188,original,0.08835512912450463,0.09425667666470505,0.9373885463711634,0.07025823895523421,0.07930156217883531,0.8859628615738082,0.11560989601290919,0.15574850599298476,0.7422857463436375
2,2026-04-05 21:24:12.030330+00:00,2026-04-05 22:15:55.666851+00:00,2026-04,2026-04,False,0.0613308432396326,original,0.07642385068594575,0.07822509044923265,0.9769736314404661,0.08319799500963546,0.09333017593540335,0.8914372460544735,0.11524673088580403,0.1499968230088494,0.7683278123764314
3,2026-04-05 22:15:55.666851+00:00,2026-04-05 23:39:45.102481+00:00,2026-04,2026-04,False,0.07697811145769795,original,0.0748375688229163,0.13097545936706015,0.5713861908526177,0.09391660091868574,0.07100274847975038,1.3227178233173646,0.06952548345892617,0.1218019256435088,0.5708077527642225
4,2026-04-05 23:39:45.102481+00:00,2026-04-06 02:32:12.752196+00:00,2026-04,2026-04,False,0.08167274402476389,original,0.08565195451795561,0.14446185358064714,0.5929036101571244,0.11538041439686858,0.08207462483616593,1.405798864474694,0.07140359651811583,0.1347338265152055,0.5299604291284454
5,2026-04-06 02:32:12.752196+00:00,2026-04-06 07:44:59.863949+00:00,2026-04,2026-04,False,0.08909604120008335,original,0.08057248422155704,0.1448656719334392,0.556187557384729,0.11276481430447667,0.08009718307194039,1.4078499390321306,0.07666773036039114,0.14662355786346057,0.5228882144013037
6,2026-04-06 07:44:59.863949+00:00,2026-04-06 13:12:16.997349+00:00,2026-04,2026-04,False,0.09775937172534359,original,0.08591848335443304,0.16138583557596048,0.5323793321006369,0.11730467599840551,0.08393226216035449,1.3976112757963353,0.08040785806138717,0.1522776512349066,0.5280345304075407
7,2026-04-06 13:12:16.997349+00:00,2026-04-06 19:00:54.724466+00:00,2026-04,2026-04,False,0.061350047388634935,original,0.07625913732052006,0.08304838302992489,0.9182495135762192,0.10016433716744785,0.13770641048505072,0.7273759937146979,0.08090374792275375,0.08845992724165894,0.9145807649348063
8,2026-04-06 19:00:54.724466+00:00,2026-04-07 02:26:58.809126+00:00,2026-04,2026-04,False,0.06979926223715463,original,0.08345685820579993,0.09955627296747252,0.8382882938282286,0.11190747301765319,0.1571851690997681,0.71194676736088,0.08590662296270477,0.08285801096711627,1.0367932075608042
9,2026-04-07 02:26:58.809126+00:00,2026-04-07 07:18:42.965810+00:00,2026-04,2026-04,False,0.05627178040440505,original,0.08222717006845477,0.10542559863235544,0.779954499999576,0.09206156442092167,0.10633600220208507,0.8657610076967563,0.06574356604810536,0.08146462826098766,0.8070197759631721
10,2026-04-07 07:18:42.965810+00:00,2026-04-07 13:20:22.100772+00:00,2026-04,2026-04,False,0.0464157783546838,original,0.06959714689604905,0.0784285945481351,0.8873950540237491,0.0974780751903982,0.11761541517655107,0.828786558667289,0.0659634718486417,0.07194275008052102,0.9168883838164777
11,2026-04-07 13:20:22.100772+00:00,2026-04-07 19:05:10.402650+00:00,2026-04,2026-04,False,0.058098714142894935,original,0.08770814239689312,0.0736527337079138,1.1908334963467773,0.13881101013624156,0.1779375427192472,0.7801108637049118,0.0888736122981307,0.08887982739737335,0.9999300730050379
12,2026-04-07 19:05:10.402650+00:00,2026-04-08 02:28:04.776757+00:00,2026-04,2026-04,False,0.11108351223122277,original,0.07627927159292872,0.1632211768562282,0.46733685580590184,0.11155353521822546,0.0832422172133314,1.3401076875732227,0.07501223300033302,0.1653414347522708,0.453680791585745
13,2026-04-08 02:28:04.776757+00:00,2026-04-08 07:21:07.317128+00:00,2026-04,2026-04,False,0.12028803131911597,original,0.10483664631391776,0.2079674938554824,0.5041011187391105,0.14888878873769526,0.08661668756634122,1.7189388433222959,0.08440557993472947,0.18148717958169436,0.4650773687115198
14,2026-04-08 07:21:07.317128+00:00,2026-04-08 13:21:29.845620+00:00,2026-04,2026-04,False,0.0502054237361006,original,0.06925993102530488,0.0729401189019652,0.9495450798262798,0.08524086676813884,0.11021575666940762,0.7734000050811155,0.07283684806261664,0.08638361254116043,0.8431790002752088
15,2026-04-08 13:21:29.845620+00:00,2026-04-08 19:17:51.900469+00:00,2026-04,2026-04,False,0.04854297091766639,original,0.06916645388204652,0.08850265047962125,0.7815184461393379,0.06966623592814862,0.07602200745291733,0.9163956367673528,0.08231387828825405,0.09934866704362678,0.8285353063882349
16,2026-04-08 19:17:51.900469+00:00,2026-04-09 02:14:15.652281+00:00,2026-04,2026-04,False,0.0419664977825492,original,0.07711196806567239,0.08957132397357492,0.8609001703315421,0.0919781890230384,0.1002125690014226,0.9178308663230926,0.06092786208369126,0.0730508634312096,0.8340471176095775
17,2026-04-09 02:14:15.652281+00:00,2026-04-09 07:24:09.016101+00:00,2026-04,2026-04,False,0.04841033095348982,original,0.08302568323359202,0.10308884081768449,0.80537992837096,0.08789828509292481,0.09270040079994879,0.9481974655386104,0.06146228120940835,0.07878446833691365,0.7801319537573225
18,2026-04-09 07:24:09.016101+00:00,2026-04-09 13:29:16.176078+00:00,2026-04,2026-04,False,0.04911459362144394,original,0.064824476646991,0.07700500303587404,0.8418216231585817,0.06100255054674488,0.07930407658553433,0.769223388925661,0.060755973397394955,0.08144096591832654,0.7460124362759201
19,2026-04-09 13:29:16.176078+00:00,2026-04-09 19:08:27.826675+00:00,2026-04,2026-04,False,0.08313976841689699,original,0.07664146217026205,0.13305613285998663,0.5760084899725061,0.09296441728464663,0.08922147664007196,1.0419511174386191,0.06490900182465419,0.11748076592275765,0.5525074791164637
20,2026-04-09 19:08:27.826675+00:00,2026-04-10 02:33:58.416763+00:00,2026-04,2026-04,False,0.06365610165955327,original,0.11026842587831522,0.14481666993374234,0.7614346188789322,0.1660591757412773,0.15298088357530015,1.0854897151874519,0.0953140774787132,0.12884420186427079,0.7397622562722733
21,2026-04-10 02:33:58.416763+00:00,2026-04-10 07:29:12.361067+00:00,2026-04,2026-04,False,0.05846810161427426,original,0.07457074490634821,0.10436632820285967,0.7145096142637406,0.14004636455935773,0.1551296928949677,0.9027695597526755,0.1196466281935468,0.12160221837105131,0.9839181373193594
22,2026-04-10 07:29:12.361067+00:00,2026-04-10 13:11:24.579271+00:00,2026-04,2026-04,False,0.07322409693265026,original,0.08082776677500528,0.07865148223182789,1.0276699749505385,0.08816563086448613,0.0891276588161672,0.9892061794906413,0.1270975475041499,0.18004332091370587,0.7059275893109487
23,2026-04-10 13:11:24.579271+00:00,2026-04-10 18:54:53.545022+00:00,2026-04,2026-04,False,0.06495516013040757,original,0.08463279447009321,0.08926845007252775,0.9480706162292701,0.08202667097817715,0.08317943181996618,0.9861412753541756,0.11368840230923209,0.15679916002610234,0.7250574702715652
24,2026-04-10 18:54:53.545022+00:00,2026-04-11 02:12:50.512879+00:00,2026-04,2026-04,False,0.051876171150151404,original,0.07080584688928225,0.09198230752612474,0.7697768059272924,0.07547731098520774,0.08907683425101855,0.8473281703356527,0.0654611808262402,0.08169116573284797,0.8013250911404033
25,2026-04-11 02:12:50.512879+00:00,2026-04-11 07:02:35.927320+00:00,2026-04,2026-04,False,0.05676904934298111,original,0.06904997738992147,0.0920846997915836,0.7498528805133003,0.08562979561592658,0.11453520297050747,0.7476286189319108,0.07359869897784103,0.07474894817336822,0.9846118343650888
26,2026-04-11 07:02:35.927320+00:00,2026-04-11 12:59:11.507736+00:00,2026-04,2026-04,False,0.048471957883169096,original,0.07115058086970051,0.08485048889668044,0.8385406117852563,0.0737313607432245,0.0919901317087125,0.8015138077712016,0.06707053004490755,0.07989978677796368,0.8394331543248319
27,2026-04-11 12:59:11.507736+00:00,2026-04-11 18:45:09.941678+00:00,2026-04,2026-04,False,0.04490941856099222,original,0.05938427448699122,0.06851548608989012,0.8667277702603022,0.0642128993365633,0.08043137232909209,0.7983563810627342,0.06127349871713559,0.07931721391899083,0.7725119893862655
28,2026-04-11 18:45:09.941678+00:00,2026-04-12 02:35:25.854725+00:00,2026-04,2026-04,False,0.047797184863710394,original,0.0628089641873784,0.08056181637207077,0.7796368927097956,0.06055842605169381,0.08233858677804666,0.7354805131030019,0.0701203090499581,0.07818572450782624,0.8968428634684992
29,2026-04-12 02:35:25.854725+00:00,2026-04-12 07:15:49.658033+00:00,2026-04,2026-04,False,0.05672359665666174,original,0.059543594272294116,0.07619063197445944,0.78150807690182,0.06762609044707907,0.09301654732328946,0.7270329032106191,0.062178767131068624,0.08473804377934803,0.733776286988378
30,2026-04-12 07:15:49.658033+00:00,2026-04-12 13:02:43.887000+00:00,2026-04,2026-04,False,0.04539741559146925,original,0.06543093635144998,0.07713866853249315,0.8482248604522967,0.0741628537522651,0.09047129025856625,0.8197390966825856,0.06426613786975006,0.07719340901499289,0.8325340037420549
31,2026-04-12 13:02:43.887000+00:00,2026-04-12 18:52:10.974406+00:00,2026-04,2026-04,False,0.047309452862364446,original,0.07260910250348102,0.08824714617093317,0.8227926415075051,0.07054095371653041,0.08488122986100048,0.8310548024816161,0.0691422089777836,0.08216399857935378,0.8415146557285212
32,2026-04-12 18:52:10.974406+00:00,2026-04-13 02:40:29.718169+00:00,2026-04,2026-04,False,0.05259096274820432,original,0.07529697733994756,0.1002706852484728,0.7509370974513649,0.07588295115662554,0.09802850095338983,0.774090702383647,0.07913866145985515,0.07952618551278516,0.9951270886383994
33,2026-04-13 02:40:29.718169+00:00,2026-04-13 08:04:59.179560+00:00,2026-04,2026-04,False,0.0536187018365321,original,0.06769998892696973,0.09327778725185247,0.7257889677869178,0.06811453497510249,0.07847606510371079,0.867965727959029,0.06680879667597299,0.08632469078547052,0.7739245408014565
34,2026-04-13 08:04:59.179560+00:00,2026-04-13 13:27:15.788462+00:00,2026-04,2026-04,False,0.06004950953807967,original,0.07061332944172163,0.09137896529699642,0.7727525608570516,0.07962611669329578,0.08901897627720301,0.8944847494689437,0.08126032032214171,0.11168317924804591,0.7275967685488637
35,2026-04-13 13:27:15.788462+00:00,2026-04-13 19:15:38.801745+00:00,2026-04,2026-04,False,0.046792752891097474,original,0.06520968528981742,0.08014221543866594,0.8136746024911601,0.06542242880211689,0.07866276911432725,0.8316822499222338,0.06865944420024146,0.0848798695032603,0.8089013873613955
36,2026-04-13 19:15:38.801745+00:00,2026-04-14 02:34:12.432450+00:00,2026-04,2026-04,False,0.06084402552043836,original,0.06352470373611423,0.08824585052737231,0.7198605187267132,0.07133777165865218,0.09928340765641055,0.7185266233561437,0.06650762521928114,0.08372091031915761,0.7943968235145
37,2026-04-14 02:34:12.432450+00:00,2026-04-14 07:49:24.161015+00:00,2026-04,2026-04,False,0.055639545270658994,original,0.06886070904572933,0.09235630134100052,0.7455983841479304,0.07206729650644889,0.09620252697783586,0.7491206184537387,0.07023227023217765,0.07981683930959217,0.8799179576600614
38,2026-04-14 07:49:24.161015+00:00,2026-04-14 13:27:10.863717+00:00,2026-04,2026-04,False,0.0572524181583223,original,0.06283488046630605,0.08371116362465524,0.7506153032114757,0.06841168404869467,0.08253304543083081,0.8289005172604353,0.0666325477773193,0.09530231016926644,0.6991703313274698
39,2026-04-14 13:27:10.863717+00:00,2026-04-14 19:17:22.625382+00:00,2026-04,2026-04,False,0.05465971760257405,original,0.06232393167098449,0.08605585378039855,0.724226521882238,0.06458800074584846,0.08090616464650502,0.7983075335241284,0.06829299102381604,0.08792866640394023,0.77668630512467
40,2026-04-14 19:17:22.625382+00:00,2026-04-15 02:32:31.062457+00:00,2026-04,2026-04,False,0.05063242619074743,original,0.07105800099685679,0.08606431419956921,0.8256383805265071,0.07267392997181917,0.08831894876165304,0.8228577331456334,0.0775774303710339,0.09398203578223074,0.8254495630504476
41,2026-04-15 02:32:31.062457+00:00,2026-04-15 07:49:22.452699+00:00,2026-04,2026-04,False,0.049128675103354086,original,0.07350176727273908,0.09178343558949106,0.8008173457515989,0.06970970432049593,0.07648575932180643,0.9114076259241816,0.06905338027942394,0.08942558157246414,0.7721882157788148
42,2026-04-15 07:49:22.452699+00:00,2026-04-15 13:25:43.054667+00:00,2026-04,2026-04,False,0.05249747861536895,original,0.06846832458017561,0.0849284772605709,0.8061880630463497,0.06532547492940845,0.08305242111009245,0.7865571413362464,0.05929516974665806,0.08141652223439316,0.7282940626713447
43,2026-04-15 13:25:43.054667+00:00,2026-04-15 19:19:35.460064+00:00,2026-04,2026-04,False,0.04496617959433489,original,0.06644732476212858,0.07510125562535717,0.8847698245366395,0.06938382240250546,0.08221949849560727,0.8438852543744526,0.0665763816027007,0.0856002664794846,0.7777590460966233
44,2026-04-15 19:19:35.460064+00:00,2026-04-16 02:39:10.700490+00:00,2026-04,2026-04,False,0.06034412242196477,original,0.06993735335598691,0.09125038632552196,0.7664335042538448,0.07635855012560662,0.10854364957546107,0.703482427799897,0.07579502450806498,0.08533834565223308,0.8881707739793948
45,2026-04-16 02:39:10.700490+00:00,2026-04-16 07:47:42.918058+00:00,2026-04,2026-04,False,0.0532439200100986,original,0.06673338498214863,0.0872911664980787,0.7644918456166747,0.06470928286694683,0.08441742752539826,0.7665393836773581,0.07114823786851127,0.08637941527787839,0.8236712142543549
46,2026-04-16 07:47:42.918058+00:00,2026-04-16 13:45:15.717301+00:00,2026-04,2026-04,False,0.05460324196132172,original,0.06930964274961647,0.08261790690556876,0.8389179216176044,0.06417761637294545,0.08630899849957178,0.7435796671104213,0.0682480871382665,0.09082935810719261,0.751387971471991
47,2026-04-16 13:45:15.717301+00:00,2026-04-16 19:15:27.650218+00:00,2026-04,2026-04,False,0.05236512580782081,original,0.06464862106206053,0.07949514079581135,0.8132399089412884,0.07211232415291906,0.09791143141432745,0.7365056675329823,0.07172606469356987,0.08273120640301007,0.8669771397285004
48,2026-04-16 19:15:27.650218+00:00,2026-04-17 02:35:07.339264+00:00,2026-04,2026-04,False,0.049066216275657715,original,0.06323483230656259,0.07814301266552248,0.8092192782127334,0.07735459159819193,0.09843493932798937,0.7858448649055714,0.08119474696127789,0.08945208946878311,0.9076897749785168
49,2026-04-17 02:35:07.339264+00:00,2026-04-17 07:48:05.814455+00:00,2026-04,2026-04,False,0.052332674864335314,original,0.07249162509086561,0.09246555395635908,0.7839851922055152,0.07308311829986866,0.08496128495815204,0.8601931848825731,0.08203622452934918,0.09886327124038112,0.8297947609874469
50,2026-04-17 07:48:05.814455+00:00,2026-04-17 13:20:52.597572+00:00,2026-04,2026-04,False,0.05200222422243549,original,0.0648672840084823,0.08369448323452813,0.7750485038149004,0.0764572753367271,0.10166571975997046,0.7520457782351838,0.0637246364311624,0.06990216952743293,0.9116260176467602
51,2026-04-17 13:20:52.597572+00:00,2026-04-17 19:01:50.025438+00:00,2026-04,2026-04,False,0.0458852295358444,original,0.06804539197039071,0.08183919998624514,0.8314523111397376,0.0708784345613468,0.0854795371654815,0.829185988971043,0.07124059699237645,0.08391129033586443,0.8489989452817124
52,2026-04-17 19:01:50.025438+00:00,2026-04-18 02:26:07.190972+00:00,2026-04,2026-04,False,0.061974463594645965,original,0.07581352759791804,0.10992024746695206,0.6897139457469986,0.06858869138474386,0.08391868694225155,0.8173232194629428,0.07175729309796794,0.08943658402026487,0.8023259596062938
53,2026-04-18 02:26:07.190972+00:00,2026-04-18 07:09:16.776987+00:00,2026-04,2026-04,False,0.05230920300348209,original,0.0658431445063296,0.09217904113295254,0.7142962618949582,0.07120261621193863,0.0789701440479617,0.9016396901681535,0.06239560632418068,0.08230336296169437,0.7581173366296204
54,2026-04-18 07:09:16.776987+00:00,2026-04-18 13:03:39.591993+00:00,2026-04,2026-04,False,0.04907561014926141,original,0.05838314386891742,0.07638350125078382,0.7643423371918071,0.07429867759792923,0.09259513342687693,0.8024036992894821,0.07231496414909036,0.08351817769515876,0.8658589799820571
55,2026-04-18 13:03:39.591993+00:00,2026-04-18 18:55:04.591153+00:00,2026-04,2026-04,False,0.04927085963304459,original,0.06631418215033585,0.08511211946053694,0.7791391234368575,0.07800055491618975,0.09323793646801211,0.8365753026178355,0.07317536548669829,0.08474524408537668,0.8634745970284503
56,2026-04-18 18:55:04.591153+00:00,2026-04-19 02:40:09.301539+00:00,2026-04,2026-04,False,0.050734399926282175,original,0.0718789623324074,0.09385267288531313,0.7658701678133627,0.07092393710337541,0.08242422907757772,0.86047437624951,0.06783038084117549,0.08317217049849944,0.8155417904165343
57,2026-04-19 02:40:09.301539+00:00,2026-04-19 07:20:52.465683+00:00,2026-04,2026-04,False,0.047059461113293545,original,0.0794735211665773,0.10283225046306933,0.7728462696157664,0.07680507700821715,0.0825190137492931,0.9307561193298326,0.06944872635087856,0.07936060951831156,0.8751032378960504
58,2026-04-19 07:20:52.465683+00:00,2026-04-19 13:03:02.246284+00:00,2026-04,2026-04,False,0.04571162747071426,original,0.07402805032677931,0.08540266143638689,0.8668119831595636,0.06833286933628874,0.08704283732677327,0.785048735024064,0.06359768860454217,0.07478490626224563,0.8504080807633343
59,2026-04-19 13:03:02.246284+00:00,2026-04-19 18:53:13.831703+00:00,2026-04,2026-04,False,0.05334601812025287,original,0.06708996528177433,0.07966017388352765,0.8422020943598187,0.06971501615378223,0.08550900139563317,0.8152944721132305,0.08011764701065949,0.10324699521805182,0.7759804228825792
60,2026-04-19 18:53:13.831703+00:00,2026-04-20 02:41:06.366406+00:00,2026-04,2026-04,False,0.05247524390723346,original,0.06461838715908132,0.09228422175939009,0.7002105660874393,0.0737082049235964,0.078532527000733,0.9385691221028507,0.07235513104163112,0.09176557560232133,0.7884779294055972
61,2026-04-20 02:41:06.366406+00:00,2026-04-20 08:10:24.272075+00:00,2026-04,2026-04,False,0.06327689260777374,original,0.07822955474202986,0.1014051416604298,0.7714555047316354,0.0824828890665777,0.1096163533239528,0.752468829379986,0.07366783723847468,0.08979635789521687,0.8203878082052892
62,2026-04-20 08:10:24.272075+00:00,2026-04-20 13:31:20.567807+00:00,2026-04,2026-04,False,0.05449938413944967,original,0.083112639251564,0.10965303408657193,0.7579602328736833,0.09431074346631892,0.10038964858346411,0.9394468931516263,0.07158894302335295,0.08795386524887543,0.8139374298194164
63,2026-04-20 13:31:20.567807+00:00,2026-04-20 19:06:56.024972+00:00,2026-04,2026-04,False,0.04865833377951208,original,0.07208350891408713,0.08144689266730241,0.8850369431346728,0.07828463834168833,0.09779534574647543,0.8004945198990693,0.0736526456845278,0.08749058000960111,0.8418351515836933
64,2026-04-20 19:06:56.024972+00:00,2026-04-21 02:36:03.237826+00:00,2026-04,2026-04,False,0.06768453667236946,original,0.06935962283883274,0.09161217690714447,0.7571004770373888,0.08857926327240541,0.12001619852637233,0.738060898112358,0.07787164336977967,0.09832570911936293,0.7919764227201966
65,2026-04-21 02:36:03.237826+00:00,2026-04-21 07:51:25.919353+00:00,2026-04,2026-04,False,0.04999724153921936,original,0.07469448597205475,0.08875073697321667,0.8416210221960879,0.10517143899038077,0.11137625285028607,0.9442896155947541,0.10642572239404742,0.12322554900324911,0.8636660437296269
66,2026-04-21 07:51:25.919353+00:00,2026-04-21 13:27:52.131957+00:00,2026-04,2026-04,False,0.05994133229396577,original,0.0823324230977994,0.09558719893267527,0.861333149387382,0.08741969562527441,0.10464135137340196,0.8354220819771925,0.09116077192829829,0.11585885353485807,0.7868261177025289
67,2026-04-21 13:27:52.131957+00:00,2026-04-21 19:13:02.558743+00:00,2026-04,2026-04,False,0.04954752155055625,original,0.06686165921487915,0.07536019108624914,0.8872278354278124,0.07868213779005581,0.09646604519794838,0.8156459366464129,0.0712656523588223,0.09011196583673892,0.7908567047348454
68,2026-04-21 19:13:02.558743+00:00,2026-04-22 02:34:20.364702+00:00,2026-04,2026-04,False,0.06997065062748242,original,0.07256429967537213,0.11657413999082372,0.622473386302349,0.08666000951256186,0.10696677608184571,0.8101581882420565,0.07602979200093116,0.0906218954484496,0.8389781699521041
69,2026-04-22 02:34:20.364702+00:00,2026-04-22 07:48:38.161925+00:00,2026-04,2026-04,False,0.05656872107766919,original,0.08128146763012382,0.10072499849908083,0.8069641979777797,0.0699148509984099,0.08633995882218462,0.8097623852519794,0.0889758007637939,0.10682416148998207,0.8329183166313738
70,2026-04-22 07:48:38.161925+00:00,2026-04-22 13:28:32.015887+00:00,2026-04,2026-04,False,0.05624092123230243,original,0.07265890045182039,0.09488814812634251,0.7657320949617002,0.06688721716244876,0.08784402121832842,0.7614316402502408,0.0647972979839761,0.08197984711117944,0.7904052064905573
71,2026-04-22 13:28:32.015887+00:00,2026-04-22 19:14:43.847398+00:00,2026-04,2026-04,False,0.05014651521558604,original,0.07470392139759666,0.09292166465244409,0.8039451475284322,0.07996325290219056,0.09783773466251998,0.8173048280197268,0.07465158679699403,0.08297601038406868,0.8996767433316735
72,2026-04-22 19:14:43.847398+00:00,2026-04-23 02:39:20.990509+00:00,2026-04,2026-04,False,0.057347743371899976,original,0.07672579415777367,0.08305687597914006,0.9237741397478463,0.09328566693136559,0.12753432421880773,0.731455374878668,0.0768871726899165,0.08487366752167161,0.9059013818424209
73,2026-04-23 02:39:20.990509+00:00,2026-04-23 07:54:04.455288+00:00,2026-04,2026-04,False,0.049507164338217655,original,0.06554997554545176,0.07894847448022313,0.830288057837929,0.06594441561468183,0.08100427560473632,0.8140856161279721,0.07151011295117639,0.09120024480585749,0.7841000109528602
74,2026-04-23 07:54:04.455288+00:00,2026-04-23 13:30:18.110168+00:00,2026-04,2026-04,False,0.05474123138233739,original,0.07356863959594949,0.08777213738381638,0.8381776015575785,0.07901068585672835,0.10332424723383574,0.7646867794537835,0.07124262655217076,0.08567676171639133,0.8315280027506095
75,2026-04-23 13:30:18.110168+00:00,2026-04-23 19:09:05.929501+00:00,2026-04,2026-04,False,0.0587154331852806,original,0.06670928103805535,0.09540981671524938,0.6991867643677506,0.06946748609546105,0.10412644496626654,0.667145470278623,0.07288112797073953,0.0706022536937628,1.0322776421112752
76,2026-04-23 19:09:05.929501+00:00,2026-04-24 02:38:19.592766+00:00,2026-04,2026-04,False,0.04890163512145101,original,0.07009394938309332,0.0859793820086783,0.8152413723562053,0.06708855480594687,0.08705515191854696,0.7706442792577997,0.07296513854713342,0.08331267276162872,0.8757987966116355
77,2026-04-24 02:38:19.592766+00:00,2026-04-24 08:05:20.105844+00:00,2026-04,2026-04,False,0.04841531924194276,original,0.07119073411028105,0.07712729853874874,0.9230290112458023,0.07396824581606568,0.09052327116890314,0.817118569191471,0.0726196092838563,0.09328491808013746,0.7784710624012299
78,2026-04-24 08:05:20.105844+00:00,2026-04-24 13:24:51.235790+00:00,2026-04,2026-04,False,0.04739855654698377,original,0.08020633660341898,0.09674907945024774,0.8290139509251279,0.07920355090846386,0.08934442802128993,0.8864968153312303,0.08646881814864285,0.09787835686877286,0.8834314440379607
79,2026-04-24 13:24:51.235790+00:00,2026-04-24 18:55:45.614579+00:00,2026-04,2026-04,False,0.05270569375632685,original,0.07848078825343642,0.08842957182268228,0.8874948349948474,0.07390373874562126,0.09172131785152879,0.8057422252180325,0.07130804304385466,0.09384516143948231,0.7598478381843788
80,2026-04-24 18:55:45.614579+00:00,2026-04-25 02:29:58.360913+00:00,2026-04,2026-04,False,0.0652358319155883,original,0.06763222223026011,0.09168913135355683,0.7376252913714239,0.07690127913405748,0.09708811352488925,0.7920771796059594,0.07055947784257097,0.10198388642371688,0.6918688855356467
81,2026-04-25 02:29:58.360913+00:00,2026-04-25 07:17:27.321259+00:00,2026-04,2026-04,False,0.060886726690825045,original,0.06905837821174547,0.09915309409198812,0.6964823321365783,0.09042751420736474,0.09971302916265634,0.9068776163630065,0.07405984088582065,0.09888688136419638,0.7489349432819229
82,2026-04-25 07:17:27.321259+00:00,2026-04-25 13:04:58.923531+00:00,2026-04,2026-04,False,0.05398964720419208,original,0.06888544703566368,0.09100715282653876,0.756923438391272,0.0626693581459556,0.08987991665173448,0.6972565227089162,0.075081003634157,0.08181539254327716,0.9176879961120038
83,2026-04-25 13:04:58.923531+00:00,2026-04-25 18:54:27.783734+00:00,2026-04,2026-04,False,0.057958292834724104,original,0.06585883582671995,0.08812237690564496,0.7473565527770183,0.08246941922453044,0.0966620670051856,0.8531725192686622,0.08309550187626,0.10493730518595204,0.7918585457193921
84,2026-04-25 18:54:27.783734+00:00,2026-04-26 02:43:37.934600+00:00,2026-04,2026-04,False,0.046951207367174806,original,0.07170902755274605,0.08613896766587541,0.8324806936495724,0.07623569172369908,0.08800229685888789,0.8662920678757213,0.07907872841645593,0.0930399549742724,0.8499437519969021
85,2026-04-26 02:43:37.934600+00:00,2026-04-26 07:30:11.955721+00:00,2026-04,2026-04,False,0.04619288937117008,original,0.07596037309994151,0.09252775292536886,0.8209469126653245,0.07776951719905646,0.08921792331227757,0.8716804237512928,0.07719569260360275,0.08750645844568403,0.882171373116634
86,2026-04-26 07:30:11.955721+00:00,2026-04-26 13:07:31.743474+00:00,2026-04,2026-04,False,0.051508879749205726,original,0.07169821073550195,0.08773407330414916,0.817221953059726,0.0786036220026863,0.10466609987021325,0.7509940859567269,0.06978686783318973,0.074139053937677,0.9412969835284677
87,2026-04-26 13:07:31.743474+00:00,2026-04-26 18:56:09.686931+00:00,2026-04,2026-04,False,0.05764474120208043,original,0.0634618720222051,0.0806352417910365,0.7870240184392874,0.06324543808465818,0.0929440002783952,0.6804682162938878,0.06452804949713885,0.08378172812587181,0.7701923908777978
88,2026-04-26 18:56:09.686931+00:00,2026-04-27 02:46:03.656921+00:00,2026-04,2026-04,False,0.044149180907503666,original,0.07424291589361173,0.08327451546150064,0.8915442555524159,0.07260016767412686,0.08446481434741929,0.8595314893549525,0.06869655838896038,0.0853259198509496,0.8051077387617035
89,2026-04-27 02:46:03.656921+00:00,2026-04-27 08:26:11.049615+00:00,2026-04,2026-04,False,0.04996411194531524,original,0.06382184161005332,0.08162415563775313,0.7818989502726835,0.07293772319542896,0.09040989881715619,0.8067448824706381,0.06542601584087444,0.07953925707253541,0.8225625716017128
90,2026-04-27 08:26:11.049615+00:00,2026-04-27 13:54:11.602725+00:00,2026-04,2026-04,False,0.04994853821868418,original,0.06669264097996644,0.08665097958605833,0.7696697867533043,0.07172232890348831,0.08549677662860691,0.8388892743295574,0.06390103356885335,0.07963552642786159,0.8024186746192801
91,2026-04-27 13:54:11.602725+00:00,2026-04-27 19:22:45.863120+00:00,2026-04,2026-04,False,0.05368562100994193,original,0.07055727620621081,0.08558281560596454,0.8244327521434508,0.06192055080609912,0.08216009573631969,0.7536572377522989,0.07863243672719768,0.09781250424278351,0.803909861381543
92,2026-04-27 19:22:45.863120+00:00,2026-04-28 02:53:15.478893+00:00,2026-04,2026-04,False,0.047393650166172516,original,0.07335405347933613,0.09253547596012525,0.7927127700833932,0.0661992253000164,0.0852747726732821,0.7763049167383784,0.07223492701076788,0.07671320786225556,0.9416230793069066
93,2026-04-28 02:53:15.478893+00:00,2026-04-28 08:26:35.175962+00:00,2026-04,2026-04,False,0.05565598208974884,original,0.064165631995729,0.09463672254057334,0.6780204372379807,0.06737187225868198,0.08099971622282441,0.8317544233531237,0.062157219387294224,0.07934368815594836,0.7833921113564258
94,2026-04-28 08:26:35.175962+00:00,2026-04-28 19:42:57.054789+00:00,2026-04,2026-04,False,0.06203300747447386,original,0.07044984174873378,0.100527728109793,0.7008000983747572,0.07363934276890453,0.09940233649036757,0.7408210447451649,0.07548014934122801,0.08741179962889077,0.863500690543852
95,2026-04-28 19:42:57.054789+00:00,2026-04-29 02:52:15.002253+00:00,2026-04,2026-04,False,0.0498627774381094,original,0.06504805513797686,0.0827328003337005,0.7862426374498058,0.0783729735055691,0.09546218110513441,0.8209845260004627,0.07746720855719696,0.08874619949362009,0.8729073357419214
96,2026-04-29 02:52:15.002253+00:00,2026-04-29 08:19:15.538736+00:00,2026-04,2026-04,False,0.05746250482849943,original,0.07577264255271414,0.10480880348699576,0.7229606677278374,0.08163533477719043,0.09757908302016657,0.8366069064239816,0.07528405355630982,0.08644514054401237,0.8708882082039068
97,2026-04-29 08:19:15.538736+00:00,2026-04-29 13:57:31.531296+00:00,2026-04,2026-04,False,0.06025688595800163,original,0.07775796582420111,0.10550595548986212,0.7370007262923914,0.07577925687886787,0.0928349224618746,0.8162796377622749,0.07343732175107537,0.0912397230555283,0.8048832163418731
98,2026-04-29 13:57:31.531296+00:00,2026-04-29 19:26:44.432682+00:00,2026-04,2026-04,False,0.05078605252654328,original,0.06846667774482665,0.08941972531778573,0.7656775672426329,0.08488346011083708,0.10287093679873995,0.8251452038091754,0.08376365891317024,0.08982534877037879,0.9325169349166226
99,2026-04-29 19:26:44.432682+00:00,2026-04-30 02:54:01.737743+00:00,2026-04,2026-04,False,0.05272775070007688,original,0.0650768778192967,0.08765454589037926,0.7424244476798936,0.07344593249828875,0.09385273062135006,0.7825657496808188,0.0812349954086574,0.08987449950226277,0.9038714636359355
100,2026-04-30 02:54:01.737743+00:00,2026-04-30 08:23:36.517510+00:00,2026-04,2026-04,False,0.05650573251893684,original,0.08100855702787853,0.10716664402595413,0.7559120448733981,0.0738928682384471,0.08582019453369445,0.8610195844922667,0.0732792951952483,0.09011825765088342,0.8131459385192623
101,2026-04-30 08:23:36.517510+00:00,2026-04-30 13:55:21.201810+00:00,2026-04,2026-04,False,0.0561121869699794,original,0.0865456742061304,0.10223404796898658,0.8465445311564366,0.07240119519684986,0.09150502660763912,0.7912264263612113,0.08020520428378894,0.09892281753777056,0.810785684032555
102,2026-04-30 13:55:21.201810+00:00,2026-04-30 19:22:36.935280+00:00,2026-04,2026-04,False,0.06034237827340124,original,0.0764073283884668,0.09946826875459502,0.7681578190224316,0.07391313290838228,0.09520821060459714,0.7763314995525541,0.06816022025517045,0.08895003290044252,0.766275379925479
103,2026-04-30 19:22:36.935280+00:00,2026-05-01 03:23:22.941770+00:00,2026-04,2026-05,True,0.05979741226448094,original,0.06976912999966524,0.0992539596022785,0.7029354826672689,0.0788448969661473,0.1037477886667815,0.7599670121103242,0.06741000025545155,0.07576671989826604,0.8897046136610469
104,2026-05-01 03:23:22.941770+00:00,2026-05-01 08:14:34.066344+00:00,2026-05,2026-05,False,0.05776677842992495,original,0.09070981117746196,0.12423397267610035,0.7301530267727836,0.09406311862091736,0.09343450694172742,1.006727832144306,0.06975100487799295,0.0882510602061514,0.7903701634298448
105,2026-05-01 08:14:34.066344+00:00,2026-05-01 13:19:19.152790+00:00,2026-05,2026-05,False,0.05282318987921739,original,0.08081423175578367,0.1040946158439764,0.7763536192583981,0.09137207773947188,0.09861639958408032,0.9265403941417276,0.07072297369029541,0.08770130238062437,0.8064073368415571
106,2026-05-01 13:19:19.152790+00:00,2026-05-01 19:12:49.223071+00:00,2026-05,2026-05,False,0.05914962292126644,original,0.06432464605533508,0.08062682732249556,0.7978069854844452,0.06564639694691693,0.09383987069790357,0.699557623627283,0.06508099629689122,0.08872473109414028,0.7335158472087995
107,2026-05-01 19:12:49.223071+00:00,2026-05-02 02:41:29.919589+00:00,2026-05,2026-05,False,0.05705511530852218,original,0.06823184065992455,0.09148391795729767,0.7458342644635466,0.0711554881923777,0.0971729157291739,0.7322563870645998,0.06720825594982865,0.07867409019538066,0.8542616226374204
108,2026-05-02 02:41:29.919589+00:00,2026-05-02 07:45:04.901565+00:00,2026-05,2026-05,False,0.05059810032493389,original,0.0660095989652401,0.08017267278328571,0.8233428757410928,0.06594093425841507,0.08203596867746304,0.8038051518312893,0.05946655249693501,0.08224772140143215,0.7230176287400413
109,2026-05-02 07:45:04.901565+00:00,2026-05-02 13:12:24.805200+00:00,2026-05,2026-05,False,0.04989723735237444,original,0.0684867731520537,0.0830747188816088,0.8243996979352451,0.07728920085755432,0.08969462309029393,0.8616926878632257,0.06914933250399154,0.08926566324801942,0.7746464876630577
110,2026-05-02 13:12:24.805200+00:00,2026-05-02 19:00:30.555270+00:00,2026-05,2026-05,False,0.04981170487016589,original,0.0639696629015345,0.07887853593482838,0.8109894807681014,0.07444248170465156,0.08296391623299326,0.8972874604374946,0.07855306539156019,0.10071328530830517,0.7799672620259805
111,2026-05-02 19:00:30.555270+00:00,2026-05-03 02:55:12.383468+00:00,2026-05,2026-05,False,0.04723273871700651,original,0.06675505906711782,0.08251928323680502,0.8089631471416358,0.06423517265641919,0.08252949843486872,0.7783298562890554,0.06957970095360994,0.08059760115191998,0.863297417778698
112,2026-05-03 02:55:12.383468+00:00,2026-05-03 08:02:33.295354+00:00,2026-05,2026-05,False,0.06070437203498623,original,0.08599977288725953,0.11849641831545218,0.7257584162444257,0.0693667208067945,0.08511760903003553,0.8149514724070434,0.07222597288336562,0.08481121101315107,0.8516087911085959
113,2026-05-03 08:02:33.295354+00:00,2026-05-03 13:11:14.429647+00:00,2026-05,2026-05,False,0.05681224358216216,original,0.07688209641219947,0.09009870065192248,0.8533097131912856,0.08155953403633777,0.10843259151717986,0.7521680787590106,0.07177027380128806,0.08672528858229167,0.8275587775437249
114,2026-05-03 13:11:14.429647+00:00,2026-05-03 19:00:56.105731+00:00,2026-05,2026-05,False,0.05047113585652212,original,0.06714517948029566,0.08688505967139815,0.7728046655459605,0.06906736418069573,0.08497121687968066,0.8128324710059783,0.07910754735906253,0.09170423627109683,0.8626378734042791
115,2026-05-03 19:00:56.105731+00:00,2026-05-04 02:51:02.733157+00:00,2026-05,2026-05,False,0.05716010180602428,original,0.07192360805897001,0.08759498135668765,0.8210927948725321,0.07774719546992928,0.10627712302374485,0.731551563101296,0.08265613378400091,0.09425383687808692,0.8769524564916428
116,2026-05-04 02:51:02.733157+00:00,2026-05-04 08:32:33.331645+00:00,2026-05,2026-05,False,0.06505785682837842,original,0.07234058612327784,0.10083841088507313,0.7173911755285927,0.08373441810194049,0.0945356565537921,0.8857442911426171,0.09085421882149483,0.11870678233739303,0.765366704686388
117,2026-05-04 08:32:33.331645+00:00,2026-05-04 14:01:35.263930+00:00,2026-05,2026-05,False,0.05651507229007045,original,0.07246231671857252,0.09511721855232592,0.7618212330158658,0.08127292954371058,0.09158304652698719,0.8874233018636426,0.07050392966558977,0.09473121646639587,0.7442523414718286
118,2026-05-04 14:01:35.263930+00:00,2026-05-04 19:29:41.496665+00:00,2026-05,2026-05,False,0.05370600258569178,original,0.06985886423078949,0.08677739373488279,0.8050352888474411,0.07811857963858632,0.08076520445290712,0.9672306306626883,0.06933239252035625,0.10192854058008831,0.680205878802706
119,2026-05-04 19:29:41.496665+00:00,2026-05-05 02:43:07.294283+00:00,2026-05,2026-05,False,0.05436781602189842,original,0.07314680480845669,0.0898627939338127,0.8139832026848847,0.08049460852418858,0.09517428554289845,0.8457600502596553,0.07810373401091397,0.09830636216898349,0.7944931771217182
120,2026-05-05 02:43:07.294283+00:00,2026-05-05 08:10:23.435829+00:00,2026-05,2026-05,False,0.05237477525945382,original,0.07840369427262125,0.09743283894578997,0.8046947530313038,0.07266917885860755,0.08955232646798228,0.8114717029109123,0.07547411275300352,0.0885486714455594,0.8523460772577005
121,2026-05-05 08:10:23.435829+00:00,2026-05-05 19:20:32.500239+00:00,2026-05,2026-05,False,0.055561635307477916,original,0.07942734494868138,0.10118749916934815,0.7849521492348693,0.08331641363958252,0.09173072310747915,0.9082716326346,0.08504247297078411,0.10531096187813238,0.8075367602206188
122,2026-05-05 19:20:32.500239+00:00,2026-05-06 02:49:04.788242+00:00,2026-05,2026-05,False,0.06067436228828575,original,0.09196502932219497,0.10059942411979293,0.9141705345418658,0.09794417328833993,0.12286723654473847,0.7971545225783316,0.07063036500061369,0.09416376908893236,0.7500800539739154
123,2026-05-06 02:49:04.788242+00:00,2026-05-06 14:11:55.844356+00:00,2026-05,2026-05,False,0.060498062537312096,original,0.08575215965601918,0.09842955393009581,0.8712033757352994,0.11041730046277684,0.12931373441846838,0.8538714078541623,0.09602971610561957,0.11548481582080095,0.8315354310702624
124,2026-05-06 14:11:55.844356+00:00,2026-05-06 19:47:02.388655+00:00,2026-05,2026-05,False,0.06836601465023918,original,0.07059451028054711,0.11250087345509917,0.6275018860962219,0.08268816007425168,0.0874315545886278,0.9457473387417833,0.07759128899435254,0.10752828495594806,0.7215895708384074
125,2026-05-06 19:47:02.388655+00:00,2026-05-07 02:52:31.119464+00:00,2026-05,2026-05,False,0.05374679203425935,original,0.07682729791414077,0.100702174454394,0.7629159780351547,0.07629709086260845,0.0870792480093224,0.8761799465062027,0.07457502642168022,0.09070579244038127,0.8221638818788403
126,2026-05-07 02:52:31.119464+00:00,2026-05-07 08:34:57.376810+00:00,2026-05,2026-05,False,0.06256739274906119,original,0.08602675841748736,0.1084869209000597,0.7929689376725598,0.07827435023808103,0.0984192483172903,0.7953154649762733,0.07042962091864305,0.09368074871222559,0.7518046331481955
127,2026-05-07 08:34:57.376810+00:00,2026-05-07 14:08:59.286345+00:00,2026-05,2026-05,False,0.05343830737718213,original,0.06371964140572896,0.08929107408001233,0.7136171455237597,0.07268438908873262,0.08062160402361104,0.9015497765021655,0.0685229045041499,0.09018214248317313,0.7598278618955567
128,2026-05-07 14:08:59.286345+00:00,2026-05-07 19:44:35.944007+00:00,2026-05,2026-05,False,0.05596389545605136,original,0.07231488711120711,0.09297241868342206,0.7778101090114116,0.07135485917618416,0.08891489486440636,0.8025073783756822,0.07267281179222877,0.09191538650676553,0.7906490366210842
129,2026-05-07 19:44:35.944007+00:00,2026-05-08 02:53:58.747438+00:00,2026-05,2026-05,False,0.05737397826831796,original,0.09716519090874294,0.10636185177691772,0.9135342163140995,0.08631604545107117,0.09966464412639611,0.8660648538673749,0.07999015763580918,0.10917601132366284,0.7326715517996955
130,2026-05-08 02:53:58.747438+00:00,2026-05-08 07:42:58.532676+00:00,2026-05,2026-05,False,0.04991190589228946,original,0.07405697328446219,0.08641881117721145,0.8569543167239372,0.08703481928006221,0.10332931364334409,0.8423052105085623,0.08186559060921894,0.09534103649929518,0.858660589554469
131,2026-05-08 07:42:58.532676+00:00,2026-05-08 13:47:49.348453+00:00,2026-05,2026-05,False,0.054409605642290276,original,0.0680329396868806,0.08239907574576322,0.825651732997487,0.07110592520628556,0.08468651613961796,0.8396369156225197,0.061769563326117896,0.09175953413781124,0.6731677956575913
132,2026-05-08 13:47:49.348453+00:00,2026-05-08 19:20:28.215255+00:00,2026-05,2026-05,False,0.051672082401782615,original,0.07293351145052546,0.09137013317590234,0.7982204787872708,0.06608164872620076,0.08104011210189599,0.815419019202649,0.06457866697448338,0.0833696372651183,0.7746065485342224
133,2026-05-08 19:20:28.215255+00:00,2026-05-09 02:48:50.079876+00:00,2026-05,2026-05,False,0.05355010460887822,original,0.06864229032677567,0.09843713648167601,0.697321080033178,0.065041606173463,0.08949704230432948,0.7267458733696786,0.0805882992620449,0.07962348860346902,1.0121171613489672
134,2026-05-09 02:48:50.079876+00:00,2026-05-09 07:57:52.652400+00:00,2026-05,2026-05,False,0.0465428135204694,original,0.07906611347141002,0.09601242397549668,0.8234987744043257,0.07307063529970996,0.08622862069817913,0.8474058231254182,0.07039805233472043,0.07994743253915834,0.8805542604540726
135,2026-05-09 07:57:52.652400+00:00,2026-05-09 13:18:19.557808+00:00,2026-05,2026-05,False,0.056844581392778884,original,0.08480130908980703,0.11320010810249762,0.7491274567778968,0.08316280156690566,0.09709286954640534,0.8565284140372241,0.07739744584113338,0.08689251353085588,0.8907262857996303
136,2026-05-09 13:18:19.557808+00:00,2026-05-09 19:02:45.206330+00:00,2026-05,2026-05,False,0.04684560425048668,original,0.09010891390367644,0.11107256776981286,0.8112616437428406,0.09490826674706927,0.09556970283773088,0.993079019071717,0.06422323370556059,0.07977887175284441,0.8050155673362326
137,2026-05-09 19:02:45.206330+00:00,2026-05-10 02:55:16.594907+00:00,2026-05,2026-05,False,0.06161784192760273,original,0.06826785681062594,0.09409722228290099,0.7255034224642711,0.07574898942893225,0.11078904348652292,0.6837227495167141,0.07488773339214447,0.07917296501913597,0.9458750644749029
138,2026-05-10 02:55:16.594907+00:00,2026-05-10 08:09:02.624792+00:00,2026-05,2026-05,False,0.05723333147237556,original,0.06407126344405081,0.09309435457025546,0.6882400521472888,0.06516717874603975,0.07980201566959146,0.8166106858234621,0.06325400877492951,0.08452810831676093,0.7483192281778177
139,2026-05-10 08:09:02.624792+00:00,2026-05-10 13:19:09.659749+00:00,2026-05,2026-05,False,0.06490262223045126,original,0.06746302782998942,0.08499463686441633,0.793732761487135,0.09833481368255247,0.1442401687148873,0.6817436124671085,0.08648784468650979,0.07942838163656965,1.0888783442956351
140,2026-05-10 13:19:09.659749+00:00,2026-05-10 19:04:48.484368+00:00,2026-05,2026-05,False,0.05563647177484184,original,0.06281171997940538,0.0768906376396146,0.8168968538640957,0.0989147477894413,0.10773285462739714,0.9181483970841209,0.10852992919638098,0.131437795418172,0.8257132497626791
141,2026-05-10 19:04:48.484368+00:00,2026-05-11 03:31:12.135628+00:00,2026-05,2026-05,False,0.0613673798649276,original,0.06367699785193107,0.08512890344392994,0.7480067905945934,0.06688783651596014,0.08928248225277563,0.7491708880426061,0.07040915048299899,0.09780470004428621,0.7198953675142151
142,2026-05-11 03:31:12.135628+00:00,2026-05-11 09:40:20.483622+00:00,2026-05,2026-05,False,0.04501531914653135,original,0.07239307965342404,0.08088707433660929,0.8949894683069173,0.0625454597009987,0.07856638356537098,0.7960842393739289,0.06825795790495646,0.0847088107828215,0.8057952564103146
143,2026-05-11 09:40:20.483622+00:00,2026-05-11 19:47:20.279613+00:00,2026-05,2026-05,False,0.06091751743020713,original,0.0845588451519963,0.0988496395149047,0.8554289683499188,0.07496166984635115,0.1048024953825254,0.7152660780904473,0.07015717688612322,0.08983038056760789,0.7809961000145348
144,2026-05-11 19:47:20.279613+00:00,2026-05-12 02:56:18.093150+00:00,2026-05,2026-05,False,0.06243588786786457,original,0.07401488110768752,0.09002544484924772,0.8221551277156061,0.07376249333452671,0.08827005486278085,0.8356457175561215,0.08278540742378088,0.11649493425984969,0.7106352559427394
145,2026-05-12 02:56:18.093150+00:00,2026-05-12 08:40:51.788023+00:00,2026-05,2026-05,False,0.06450406759803132,original,0.06589634792547133,0.09167906097923546,0.7187720644346074,0.07698722561032628,0.0867786895333372,0.8871674143079864,0.0861722299241253,0.1193387796719256,0.7220807030289859
146,2026-05-12 08:40:51.788023+00:00,2026-05-12 14:25:52.888089+00:00,2026-05,2026-05,False,0.05212236752187809,original,0.09522879704373115,0.12400910189524217,0.7679178027123892,0.09355956705315026,0.08995968045660127,1.040016667225554,0.06863264581592363,0.08492100384777199,0.8081940003789098
147,2026-05-12 14:25:52.888089+00:00,2026-05-12 19:53:03.210792+00:00,2026-05,2026-05,False,0.05212236929622878,original,0.10262737968459813,0.10991347456195842,0.9337106309631482,0.09380561430175016,0.11105837183950786,0.8446514454336688,0.07639557604029067,0.09435807659317064,0.8096347318489105
148,2026-05-12 19:53:03.210792+00:00,2026-05-13 03:00:27.185422+00:00,2026-05,2026-05,False,0.05367625700387488,original,0.07924747381128738,0.08645771854546351,0.9166038052416957,0.08979860006136092,0.1160809333958883,0.7735861302485156,0.07517614857037629,0.08768755575640048,0.8573183266644884
149,2026-05-13 03:00:27.185422+00:00,2026-05-13 08:45:24.737628+00:00,2026-05,2026-05,False,0.057591318198578115,original,0.05738065204726879,0.07558955265380049,0.7591082369553328,0.06432870746705456,0.08836933380399624,0.7279528394967428,0.059225860983386606,0.08582413956556711,0.690083947047786
152,2026-05-14 03:26:05.420840+00:00,2026-05-14 08:38:42.248232+00:00,2026-05,2026-05,False,0.05399893526441862,original,0.0669315069195268,0.09623889214061268,0.6954725416179411,0.06834759656523447,0.08256362135183433,0.8278173297895923,0.07750619891545406,0.08847263135108938,0.876047176757784
153,2026-05-14 08:38:42.248232+00:00,2026-05-14 14:12:26.670471+00:00,2026-05,2026-05,False,0.049667976766040366,original,0.0692724360795962,0.08981600829187919,0.771270482812801,0.07078581812242013,0.08906541346623147,0.7947621345659399,0.09035662116117137,0.0968234883572001,0.9332097272495363
154,2026-05-14 14:12:26.670471+00:00,2026-05-15 03:29:53.555720+00:00,2026-05,2026-05,False,0.05949381808838525,original,0.0988035239478258,0.12082160232634119,0.8177637280538277,0.0877482655196406,0.11848438918553994,0.7405892550303121,0.09186878558073525,0.08879136252959313,1.0346590362335801
155,2026-05-15 03:29:53.555720+00:00,2026-05-15 08:50:21.481357+00:00,2026-05,2026-05,False,0.04910412897005467,original,0.1273283933813514,0.14817695460843647,0.8592995700162808,0.1535310360065723,0.14822144008166296,1.035822050588525,0.07463562031894683,0.09307209488147955,0.8019118986629643
156,2026-05-15 08:50:21.481357+00:00,2026-05-15 14:07:35.496119+00:00,2026-05,2026-05,False,0.07349287352281218,original,0.07142051507901595,0.11432445929009692,0.6247177158982862,0.10283327113258121,0.09826461971874839,1.046493350576323,0.0938198746653102,0.1339974987606334,0.700161387586088
157,2026-05-15 14:07:35.496119+00:00,2026-05-15 19:30:06.337200+00:00,2026-05,2026-05,False,0.057439195105121264,original,0.11464569651107663,0.1350019983962275,0.8492148106918711,0.08053968222874168,0.0923080814605217,0.8725095457994853,0.08354446116004925,0.09879988114898229,0.8455927293482358
158,2026-05-15 19:30:06.337200+00:00,2026-05-16 02:53:11.245620+00:00,2026-05,2026-05,False,0.0494986320545363,original,0.07082088009494698,0.09776320382216108,0.7244124305068368,0.10943117716799702,0.11441199432851724,0.9564659528071984,0.09971686001283445,0.10787413181016316,0.9243815763756609
159,2026-05-16 02:53:11.245620+00:00,2026-05-16 08:05:07.050238+00:00,2026-05,2026-05,False,0.060181734161327376,original,0.07349350076763911,0.09011893428132649,0.8155167540953452,0.0740492079594787,0.09518585033526479,0.7779434411591812,0.09409426819897836,0.115853638901111,0.8121822421071663
160,2026-05-16 08:05:07.050238+00:00,2026-05-16 19:05:18.086677+00:00,2026-05,2026-05,False,0.05102947059312068,original,0.0712901287667491,0.08819650179471933,0.808310163283795,0.0802631118580384,0.10400585485391257,0.7717172458298294,0.07397304402556587,0.07882032877712856,0.938502099309065
161,2026-05-16 19:05:18.086677+00:00,2026-05-17 03:25:58.648074+00:00,2026-05,2026-05,False,0.059147204057021056,original,0.06748526904993037,0.09306408032826347,0.7251484011005174,0.06148036378094244,0.07983794352811197,0.7700644714038059,0.06282688167356769,0.0879856597847395,0.7140581979753997
162,2026-05-17 03:25:58.648074+00:00,2026-05-17 08:22:26.189095+00:00,2026-05,2026-05,False,0.0526269265141818,original,0.081165988007347,0.0991726847636333,0.8184308834715608,0.0725814482126376,0.08854742474983582,0.8196901086360749,0.06687973342809575,0.08343736734742686,0.8015561319140574
163,2026-05-17 08:22:26.189095+00:00,2026-05-17 13:21:05.632021+00:00,2026-05,2026-05,False,0.05986122427430323,original,0.06500914140228861,0.08760708869973441,0.7420534384506455,0.07930681493336414,0.10698766342633023,0.7412706511529096,0.07821139841416642,0.09089288767467851,0.8604787504837413
164,2026-05-17 13:21:05.632021+00:00,2026-05-17 19:10:33.669327+00:00,2026-05,2026-05,False,0.052600930461815625,original,0.06845302392020151,0.074148235084755,0.9231915478764452,0.0750287146837677,0.0945136749440503,0.7938397774521285,0.09113178184041383,0.1117582665604654,0.815436608361388
165,2026-05-17 19:10:33.669327+00:00,2026-05-18 10:04:13.594707+00:00,2026-05,2026-05,False,0.05141027699083125,original,0.06768032713955606,0.08245951871071022,0.8207703391648031,0.0753124356041295,0.10095062014963985,0.7460324215194847,0.08788936567868633,0.09442231651077936,0.9308113688214034
168,2026-05-19 15:21:18.076651+00:00,2026-05-19 19:53:22.580665+00:00,2026-05,2026-05,False,0.041728190831386305,original,0.0626258137282191,0.07857828619465185,0.7969862510501216,0.06339227501823066,0.08549065270456944,0.7415111829511435,0.04962371337821529,0.04629917365217438,1.0718055953010466
169,2026-05-19 19:53:22.580665+00:00,2026-05-20 03:34:09.743765+00:00,2026-05,2026-05,False,0.06328251690245354,original,0.0722861374631653,0.0843983686609022,0.8564873777785716,0.07135791153651667,0.1093580669134814,0.6525162116569915,0.06949255418367496,0.08987886515798905,0.7731801470959937
170,2026-05-20 03:34:09.743765+00:00,2026-05-20 09:34:25.471639+00:00,2026-05,2026-05,False,0.05461437624686711,original,0.07129828301002183,0.09182164633840244,0.7764866548706485,0.07657601768796743,0.10552528000299531,0.7256651456958355,0.0774415643369779,0.07953563724841618,0.9736712625448917
173,2026-05-21 03:40:01.867164+00:00,2026-05-21 09:43:29.648369+00:00,2026-05,2026-05,False,0.04978129599161808,original,0.0747536970859373,0.09205076056933083,0.8120921176923279,0.07431701833355894,0.08690711070531992,0.8551316196156744,0.07433291114602077,0.08969312354125823,0.8287470456063237
176,2026-05-22 03:38:38.145801+00:00,2026-05-22 14:39:16.140498+00:00,2026-05,2026-05,False,0.128564087258996,original,0.13791986593058506,0.18835406680534816,0.7322372607601639,0.1751358823319082,0.23657987340763098,0.7402822556682419,0.16122240413262415,0.18391848122284016,0.8765970829069816
177,2026-05-22 14:39:16.140498+00:00,2026-05-22 19:45:22.104652+00:00,2026-05,2026-05,False,0.11715610794180586,original,0.14482200249221885,0.1835789019622314,0.7888815160361609,0.17625893571073017,0.2222974975149195,0.7928966258331386,0.1521816923593322,0.18237095179258786,0.8344623464618961
178,2026-05-22 19:45:22.104652+00:00,2026-05-23 02:55:54.263036+00:00,2026-05,2026-05,False,0.051589778386125926,original,0.0838563102198617,0.10616161013984543,0.7898929764667169,0.07874083877226219,0.09393995749349969,0.8382039003765865,0.07800525140937499,0.08489013476670057,0.9188965434411552
179,2026-05-23 02:55:54.263036+00:00,2026-05-23 08:20:39.698938+00:00,2026-05,2026-05,False,0.04949256631001333,original,0.08706937055299634,0.09790562424907688,0.8893193952932411,0.08039943109153412,0.09265051465878162,0.8677710144151227,0.08233091043768277,0.1000121907184378,0.8232087493160433
180,2026-05-23 08:20:39.698938+00:00,2026-05-23 13:25:37.359318+00:00,2026-05,2026-05,False,0.05476300156253868,original,0.07483269742629163,0.09430634795194538,0.7935064717427429,0.07171438542800063,0.08978987755883004,0.7986912041506414,0.08162173477164449,0.09719074044489964,0.839809784327328
181,2026-05-23 13:25:37.359318+00:00,2026-05-23 19:10:07.150819+00:00,2026-05,2026-05,False,0.052112932932594246,original,0.06667313480996423,0.08099605921770074,0.8231651694406583,0.0717747287808722,0.09295102671398774,0.7721779018291487,0.07406531720371,0.08960810137050698,0.8265471098139723
182,2026-05-23 19:10:07.150819+00:00,2026-05-24 03:35:26.927907+00:00,2026-05,2026-05,False,0.05263640044891947,original,0.07687980142448002,0.09546749974110087,0.8052981552148218,0.06837563381631953,0.08930638945797263,0.7656298080273074,0.07686717367904793,0.0878429773390655,0.8750520076562066
183,2026-05-24 03:35:26.927907+00:00,2026-05-24 08:30:14.008978+00:00,2026-05,2026-05,False,0.06524849378022468,original,0.08731289570465926,0.13495393643899703,0.6469829484679548,0.07359924562767287,0.0911413416080186,0.8075286618471021,0.07641069747729491,0.07163636816775837,1.0666467247244584
184,2026-05-24 08:30:14.008978+00:00,2026-05-24 13:26:14.786363+00:00,2026-05,2026-05,False,0.04806624685429895,original,0.0746997795142888,0.08787998779957559,0.850020367374807,0.07729491298646538,0.09363302684070265,0.8255090708320983,0.0768696623392699,0.0889076061555517,0.8646016427973513
185,2026-05-24 13:26:14.786363+00:00,2026-05-24 19:17:39.593962+00:00,2026-05,2026-05,False,0.06120524695770515,original,0.07843914836406253,0.11429031823618739,0.6863149002872108,0.09005545770321721,0.1196764313919917,0.7524911685262984,0.11558034899937902,0.10712153555101246,1.0789646396017016
186,2026-05-24 19:17:39.593962+00:00,2026-05-25 03:47:25.144193+00:00,2026-05,2026-05,False,0.05413138988335394,original,0.07035075931210491,0.08814258254039088,0.798147243755503,0.1103798550059578,0.12604051381605166,0.8757490085057125,0.07861093795968789,0.09191255358204244,0.8552796641594629
187,2026-05-25 03:47:25.144193+00:00,2026-05-25 10:06:20.208848+00:00,2026-05,2026-05,False,0.056626141143700556,original,0.07877569995745197,0.0944560140840556,0.8339934806835079,0.08513501741942682,0.10215391280335423,0.8333994761738721,0.068545613415761,0.09172940056597186,0.747258926721787
188,2026-05-25 10:06:20.208848+00:00,2026-05-25 14:54:31.585454+00:00,2026-05,2026-05,False,0.05937938028509448,original,0.08093656788309349,0.09292547731090786,0.870983612086251,0.07361314274277711,0.08909293822636241,0.8262511508571522,0.07105594135827004,0.1049933651834448,0.6767660150155281
189,2026-05-25 14:54:31.585454+00:00,2026-05-25 19:40:17.350854+00:00,2026-05,2026-05,False,0.049087106800139314,original,0.06417670760965462,0.08217187329590378,0.7810057752797245,0.07267103099545928,0.0843633534583004,0.8614051956976738,0.08950719821044545,0.10318723775554725,0.8674250823778217
190,2026-05-25 19:40:17.350854+00:00,2026-05-26 03:32:13.793761+00:00,2026-05,2026-05,False,0.06732318317078598,original,0.07056116806637047,0.10672339617029392,0.661159320246697,0.07156577554614285,0.11227409852353788,0.6374201751541059,0.09257752446584942,0.09273167007099896,0.9983377242636575
191,2026-05-26 03:32:13.793761+00:00,2026-05-26 09:56:58.105971+00:00,2026-05,2026-05,False,0.060319569033614406,original,0.07504245730034531,0.10163412077301426,0.7383588968899751,0.08387627620024718,0.11291681759705803,0.7428147373012088,0.08353829787271436,0.08462765570347738,0.9871276378660426
192,2026-05-26 09:56:58.105971+00:00,2026-05-26 15:27:49.643818+00:00,2026-05,2026-05,False,0.06872996158412452,original,0.07131936888048666,0.08663856626075256,0.8231826997902951,0.06660230745289346,0.0986734293914863,0.6749771226522305,0.07749358223360384,0.11163618920715408,0.6941618375185252
193,2026-05-26 15:27:49.643818+00:00,2026-05-26 20:09:57.559176+00:00,2026-05,2026-05,False,0.05363687435576195,original,0.0639444598605721,0.07689444673048955,0.8315874888168923,0.0715755447726382,0.0890904065129238,0.8034035040827339,0.07788522275036901,0.1002943098842539,0.7765667149039021
194,2026-05-26 20:09:57.559176+00:00,2026-05-27 03:45:32.903137+00:00,2026-05,2026-05,False,0.04814544288230728,original,0.07510499987033739,0.0884334601110636,0.8492826106319148,0.059707668852679564,0.08210063585204043,0.7272497738054444,0.08034119112948729,0.0897409098147097,0.8952571496697521
195,2026-05-27 03:45:32.903137+00:00,2026-05-27 09:46:26.401744+00:00,2026-05,2026-05,False,0.048758686063033144,original,0.07596505908671689,0.09369072614263818,0.8108065996955227,0.0771199912117894,0.09374322640458466,0.8226726790792186,0.07978663492887848,0.08746756049007576,0.9121854374563383
196,2026-05-27 09:46:26.401744+00:00,2026-05-27 15:41:38.785181+00:00,2026-05,2026-05,False,0.05495410879805539,original,0.07529557653872007,0.09234827542680006,0.8153436129774093,0.06599416555398181,0.0773679257560866,0.8529912739555383,0.07700595145673483,0.10247158904131158,0.7514858721053869
197,2026-05-27 15:41:38.785181+00:00,2026-05-27 20:18:04.383584+00:00,2026-05,2026-05,False,0.051075013203686584,original,0.0643167619728003,0.08523169723961922,0.7546108320708554,0.06896041012756518,0.08226582638081759,0.8382631423203584,0.06672713196345592,0.08448999384157818,0.7897637214718198
198,2026-05-27 20:18:04.383584+00:00,2026-05-28 03:34:50.663517+00:00,2026-05,2026-05,False,0.06154459855789832,original,0.07132347588716757,0.09990014463698328,0.7139476739132112,0.07165320076042185,0.09703501985575413,0.7384261977473368,0.08200174475600337,0.09440806342916953,0.8685883575773788
199,2026-05-28 03:34:50.663517+00:00,2026-05-28 10:01:54.072593+00:00,2026-05,2026-05,False,0.05618584529616863,original,0.06707129470821614,0.09299873425047532,0.7212065330649738,0.0670837239108113,0.08192752893264368,0.8188178599401411,0.06981605729133776,0.08860547370912586,0.7879429381589899
200,2026-05-28 10:01:54.072593+00:00,2026-05-28 15:57:58.177579+00:00,2026-05,2026-05,False,0.050289293935636636,original,0.07974866463171185,0.08899536390756646,0.8960990902238621,0.08064161583431194,0.08908313633270785,0.9052399719418441,0.08404396084419075,0.10668856446556248,0.7877504141628874
201,2026-05-28 15:57:58.177579+00:00,2026-05-28 20:23:32.788407+00:00,2026-05,2026-05,False,0.052453760536932105,original,0.06982073211709648,0.07651327116440129,0.9125310035049371,0.07089390404815106,0.08723731631333163,0.8126557194116371,0.07106165616358168,0.09609252111772838,0.73951287089783
202,2026-05-28 20:23:32.788407+00:00,2026-05-29 03:35:16.860317+00:00,2026-05,2026-05,False,0.043364358712546874,original,0.06691516250893537,0.08363853240516213,0.8000518491260064,0.06585279586354126,0.0767680384777289,0.8578152727276698,0.07325952204909529,0.0832697869349269,0.8797851507215413
203,2026-05-29 03:35:16.860317+00:00,2026-05-29 09:55:19.092735+00:00,2026-05,2026-05,False,0.05646944392843889,original,0.07070280098267594,0.10284276783404193,0.6874844237639492,0.06353622534984955,0.07861604182094789,0.8081839771907698,0.06642485646444637,0.07910294536611487,0.8397267150674345
204,2026-05-29 09:55:19.092735+00:00,2026-05-29 15:30:34.788799+00:00,2026-05,2026-05,False,0.05037646592523294,original,0.06677022387061898,0.08298251695767991,0.8046300150749945,0.07283501692820256,0.08509491747042103,0.8559267591218946,0.06486053504656035,0.08634934312098197,0.7511410359623214
205,2026-05-29 15:30:34.788799+00:00,2026-05-29 20:26:02.733335+00:00,2026-05,2026-05,False,0.04675709720045146,original,0.07523906503198742,0.08572815280199664,0.8776471039305431,0.07696960553191833,0.09300028359619102,0.8276276432244207,0.08153382285725526,0.09377265128568349,0.869484031211382
206,2026-05-29 20:26:02.733335+00:00,2026-05-30 03:23:58.588584+00:00,2026-05,2026-05,False,0.04954710804376642,original,0.07297833382926083,0.08822808197640532,0.82715539309556,0.0754157945190356,0.09331243868672563,0.8082073041968846,0.07251194024359116,0.08452632612971266,0.8578622017987103
207,2026-05-30 03:23:58.588584+00:00,2026-05-30 08:29:15.493582+00:00,2026-05,2026-05,False,0.048421367545333355,original,0.06971540933318919,0.0865709684366642,0.8052977873776862,0.06886840843827896,0.08811204152426727,0.7816004174561277,0.07651431273715767,0.08504795233821569,0.8996608458352796
208,2026-05-30 08:29:15.493582+00:00,2026-05-30 13:29:31.795990+00:00,2026-05,2026-05,False,0.04950712845127694,original,0.07520403453224743,0.08357567895139766,0.899831571526704,0.08260875039762659,0.10214242119980635,0.8087604486683463,0.07059729077476551,0.08601585765380189,0.820747391241586
211,2026-05-31 03:50:13.254472+00:00,2026-05-31 08:45:45.983418+00:00,2026-05,2026-05,False,0.07201601229447263,original,0.17703130733174888,0.18670912063400674,0.9481663602217449,0.06081950399826402,0.09677006880931174,0.6284949958866995,0.18838769942649616,0.1919553116348836,0.9814143605717285
212,2026-05-31 08:45:45.983418+00:00,2026-05-31 13:45:23.075117+00:00,2026-05,2026-05,False,0.07694482547686407,original,0.17953903889756337,0.18529090254436617,0.9689576575653758,0.05208131246320105,0.09304569456898462,0.5597390906098042,0.1800764545146432,0.19488350979845598,0.9240209943923635
213,2026-05-31 13:45:23.075117+00:00,2026-05-31 19:18:15.264913+00:00,2026-05,2026-05,False,0.04851434209957066,original,0.08620857624710047,0.10187945793248115,0.8461821253920856,0.06629974569998713,0.07647759945856596,0.8669171910384951,0.0737302078898051,0.0933066813846774,0.7901921576852148
